<?xml version="1.0" encoding="UTF-8"?>
<GenRun Id="impl_1" LaunchPart="xc7a35tcpg236-1" LaunchTime="1685775186">
  <File Type="ROUTE-PWR" Name="TopMod_power_routed.rpt"/>
  <File Type="PA-TCL" Name="TopMod.tcl"/>
  <File Type="BITSTR-BMM" Name="TopMod_bd.bmm"/>
  <File Type="ROUTE-PWR-SUM" Name="TopMod_power_summary_routed.pb"/>
  <File Type="REPORTS-TCL" Name="TopMod_reports.tcl"/>
  <File Type="OPT-DCP" Name="TopMod_opt.dcp"/>
  <File Type="OPT-DRC" Name="TopMod_drc_opted.rpt"/>
  <File Type="OPT-HWDEF" Name="TopMod.hwdef"/>
  <File Type="PWROPT-DCP" Name="TopMod_pwropt.dcp"/>
  <File Type="PLACE-DCP" Name="TopMod_placed.dcp"/>
  <File Type="PLACE-IO" Name="TopMod_io_placed.rpt"/>
  <File Type="PLACE-UTIL" Name="TopMod_utilization_placed.rpt"/>
  <File Type="PLACE-UTIL-PB" Name="TopMod_utilization_placed.pb"/>
  <File Type="PLACE-CTRL" Name="TopMod_control_sets_placed.rpt"/>
  <File Type="PLACE-PRE-SIMILARITY" Name="TopMod_incremental_reuse_pre_placed.rpt"/>
  <File Type="BG-BGN" Name="TopMod.bgn"/>
  <File Type="POSTPLACE-PWROPT-DCP" Name="TopMod_postplace_pwropt.dcp"/>
  <File Type="BG-BIN" Name="TopMod.bin"/>
  <File Type="PHYSOPT-DCP" Name="TopMod_physopt.dcp"/>
  <File Type="BITSTR-MSK" Name="TopMod.msk"/>
  <File Type="ROUTE-ERROR-DCP" Name="TopMod_routed_error.dcp"/>
  <File Type="ROUTE-DCP" Name="TopMod_routed.dcp"/>
  <File Type="ROUTE-BLACKBOX-DCP" Name="TopMod_routed_bb.dcp"/>
  <File Type="ROUTE-DRC" Name="TopMod_drc_routed.rpt"/>
  <File Type="ROUTE-DRC-PB" Name="TopMod_drc_routed.pb"/>
  <File Type="ROUTE-DRC-RPX" Name="TopMod_drc_routed.rpx"/>
  <File Type="BITSTR-LTX" Name="TopMod.ltx"/>
  <File Type="ROUTE-METHODOLOGY-DRC" Name="TopMod_methodology_drc_routed.rpt"/>
  <File Type="BITSTR-MMI" Name="TopMod.mmi"/>
  <File Type="ROUTE-METHODOLOGY-DRC-RPX" Name="TopMod_methodology_drc_routed.rpx"/>
  <File Type="ROUTE-METHODOLOGY-DRC-PB" Name="TopMod_methodology_drc_routed.pb"/>
  <File Type="BITSTR-SYSDEF" Name="TopMod.sysdef"/>
  <File Type="ROUTE-PWR-RPX" Name="TopMod_power_routed.rpx"/>
  <File Type="ROUTE-STATUS" Name="TopMod_route_status.rpt"/>
  <File Type="ROUTE-STATUS-PB" Name="TopMod_route_status.pb"/>
  <File Type="ROUTE-TIMINGSUMMARY" Name="TopMod_timing_summary_routed.rpt"/>
  <File Type="ROUTE-TIMING-PB" Name="TopMod_timing_summary_routed.pb"/>
  <File Type="ROUTE-TIMING-RPX" Name="TopMod_timing_summary_routed.rpx"/>
  <File Type="ROUTE-CLK" Name="TopMod_clock_utilization_routed.rpt"/>
  <File Type="ROUTE-BUS-SKEW" Name="TopMod_bus_skew_routed.rpt"/>
  <File Type="ROUTE-BUS-SKEW-PB" Name="TopMod_bus_skew_routed.pb"/>
  <File Type="ROUTE-BUS-SKEW-RPX" Name="TopMod_bus_skew_routed.rpx"/>
  <File Type="POSTROUTE-PHYSOPT-DCP" Name="TopMod_postroute_physopt.dcp"/>
  <File Type="POSTROUTE-PHYSOPT-BLACKBOX-DCP" Name="TopMod_postroute_physopt_bb.dcp"/>
  <File Type="BG-BIT" Name="TopMod.bit"/>
  <File Type="BITSTR-RBT" Name="TopMod.rbt"/>
  <File Type="BITSTR-NKY" Name="TopMod.nky"/>
  <File Type="BG-DRC" Name="TopMod.drc"/>
  <File Type="RDI-RDI" Name="TopMod.vdi"/>
  <File Type="WBT-USG" Name="usage_statistics_webtalk.html"/>
  <FileSet Name="sources" Type="DesignSrcs" RelSrcDir="$PSRCDIR/sources_1">
    <Filter Type="Srcs"/>
    <File Path="$PSRCDIR/sources_1/new/Background.v">
      <FileInfo>
        <Attr Name="ImportPath" Val="$PPRDIR/../../../../../../../../../../../../../../../../Desktop/LAB6/LAB6.srcs/sources_1/new/Background.v"/>
        <Attr Name="ImportTime" Val="1685611315"/>
        <Attr Name="UsedIn" Val="synthesis"/>
        <Attr Name="UsedIn" Val="implementation"/>
        <Attr Name="UsedIn" Val="simulation"/>
      </FileInfo>
    </File>
    <File Path="$PSRCDIR/sources_1/new/CountUD15L.v">
      <FileInfo>
        <Attr Name="ImportPath" Val="$PPRDIR/../../../../../../../../../../../../../../../../Desktop/LAB6/LAB6.srcs/sources_1/new/CountUD15L.v"/>
        <Attr Name="ImportTime" Val="1685511281"/>
        <Attr Name="UsedIn" Val="synthesis"/>
        <Attr Name="UsedIn" Val="implementation"/>
        <Attr Name="UsedIn" Val="simulation"/>
      </FileInfo>
    </File>
    <File Path="$PSRCDIR/sources_1/new/CountUD5L.v">
      <FileInfo>
        <Attr Name="ImportPath" Val="$PPRDIR/../../../../../../../../../../../../../../../../Desktop/LAB6/LAB6.srcs/sources_1/new/CountUD5L.v"/>
        <Attr Name="ImportTime" Val="1685507964"/>
        <Attr Name="UsedIn" Val="synthesis"/>
        <Attr Name="UsedIn" Val="implementation"/>
        <Attr Name="UsedIn" Val="simulation"/>
      </FileInfo>
    </File>
    <File Path="$PSRCDIR/sources_1/new/LFSR.v">
      <FileInfo>
        <Attr Name="ImportPath" Val="$PPRDIR/../../../../../../../../../../../../../../../../Desktop/LAB6/LAB6.srcs/sources_1/new/LFSR.v"/>
        <Attr Name="ImportTime" Val="1685608554"/>
        <Attr Name="UsedIn" Val="synthesis"/>
        <Attr Name="UsedIn" Val="implementation"/>
        <Attr Name="UsedIn" Val="simulation"/>
      </FileInfo>
    </File>
    <File Path="$PSRCDIR/sources_1/new/RingCounter.v">
      <FileInfo>
        <Attr Name="ImportPath" Val="$PPRDIR/../../../../../../../../../../../../../../../../../../../../../../../../LAB6/LAB6.srcs/sources_1/new/RingCounter.v"/>
        <Attr Name="ImportTime" Val="1684444708"/>
        <Attr Name="UsedIn" Val="synthesis"/>
        <Attr Name="UsedIn" Val="implementation"/>
        <Attr Name="UsedIn" Val="simulation"/>
      </FileInfo>
    </File>
    <File Path="$PSRCDIR/sources_1/new/Selector.v">
      <FileInfo>
        <Attr Name="ImportPath" Val="$PPRDIR/../../../../../../../../../../../../../../../../../../../../../../../../LAB6/LAB6.srcs/sources_1/new/Selector.v"/>
        <Attr Name="ImportTime" Val="1684444739"/>
        <Attr Name="UsedIn" Val="synthesis"/>
        <Attr Name="UsedIn" Val="implementation"/>
        <Attr Name="UsedIn" Val="simulation"/>
      </FileInfo>
    </File>
    <File Path="$PSRCDIR/sources_1/new/VGAController.v">
      <FileInfo>
        <Attr Name="ImportPath" Val="$PPRDIR/../../../../../../../../../../../../../../../../Desktop/LAB6/LAB6.srcs/sources_1/new/VGAController.v"/>
        <Attr Name="ImportTime" Val="1685581553"/>
        <Attr Name="UsedIn" Val="synthesis"/>
        <Attr Name="UsedIn" Val="implementation"/>
        <Attr Name="UsedIn" Val="simulation"/>
      </FileInfo>
    </File>
    <File Path="$PSRCDIR/sources_1/new/hex7seg.v">
      <FileInfo>
        <Attr Name="ImportPath" Val="$PPRDIR/../../../../../../../../../../../../../../../../../../../../../../../../LAB6/LAB6.srcs/sources_1/new/hex7seg.v"/>
        <Attr Name="ImportTime" Val="1684444771"/>
        <Attr Name="UsedIn" Val="synthesis"/>
        <Attr Name="UsedIn" Val="implementation"/>
        <Attr Name="UsedIn" Val="simulation"/>
      </FileInfo>
    </File>
    <File Path="$PSRCDIR/sources_1/new/labVGA_clks.v">
      <FileInfo>
        <Attr Name="ImportPath" Val="$PPRDIR/../../../../../../../../../../../../../../../../../../../../../../../../LAB6/LAB6.srcs/sources_1/new/labVGA_clks.v"/>
        <Attr Name="ImportTime" Val="1684446123"/>
        <Attr Name="UsedIn" Val="synthesis"/>
        <Attr Name="UsedIn" Val="implementation"/>
        <Attr Name="UsedIn" Val="simulation"/>
      </FileInfo>
    </File>
    <File Path="$PSRCDIR/sources_1/new/TopMod.v">
      <FileInfo>
        <Attr Name="ImportPath" Val="$PPRDIR/../../../../../../../../../../../../../../../../../../../../../../../../LAB6/LAB6.srcs/sources_1/new/TopMod.v"/>
        <Attr Name="ImportTime" Val="1684446464"/>
        <Attr Name="UsedIn" Val="synthesis"/>
        <Attr Name="UsedIn" Val="implementation"/>
        <Attr Name="UsedIn" Val="simulation"/>
      </FileInfo>
    </File>
    <File Path="$PSRCDIR/sources_1/new/temp.v">
      <FileInfo>
        <Attr Name="AutoDisabled" Val="1"/>
        <Attr Name="ImportPath" Val="$PPRDIR/../../../../../../../../Desktop/LAB6/LAB6.srcs/sources_1/new/temp.v"/>
        <Attr Name="ImportTime" Val="1685773433"/>
        <Attr Name="UsedIn" Val="synthesis"/>
        <Attr Name="UsedIn" Val="implementation"/>
        <Attr Name="UsedIn" Val="simulation"/>
      </FileInfo>
    </File>
    <File Path="$PSRCDIR/sources_1/imports/LAB6/archive_project_summary.txt">
      <FileInfo>
        <Attr Name="ImportPath" Val="$PPRDIR/../../../../../../../../Desktop/LAB6/archive_project_summary.txt"/>
        <Attr Name="ImportTime" Val="1685670652"/>
      </FileInfo>
    </File>
    <Config>
      <Option Name="DesignMode" Val="RTL"/>
      <Option Name="TopModule" Val="TopMod"/>
      <Option Name="TopAutoSet" Val="TRUE"/>
    </Config>
  </FileSet>
  <FileSet Name="constrs_in" Type="Constrs" RelSrcDir="$PSRCDIR/constrs_1">
    <Filter Type="Constrs"/>
    <File Path="$PSRCDIR/constrs_1/imports/Desktop/Basys3_Master.xdc">
      <FileInfo>
        <Attr Name="ImportPath" Val="$PPRDIR/../../../../../../../../../../../../../../../../../../../../../../../../Basys3_Master.xdc"/>
        <Attr Name="ImportTime" Val="1684446466"/>
        <Attr Name="UsedIn" Val="synthesis"/>
        <Attr Name="UsedIn" Val="implementation"/>
      </FileInfo>
    </File>
    <Config>
      <Option Name="ConstrsType" Val="XDC"/>
    </Config>
  </FileSet>
  <FileSet Name="utils" Type="Utils" RelSrcDir="$PSRCDIR/utils_1">
    <Filter Type="Utils"/>
    <Config>
      <Option Name="TopAutoSet" Val="TRUE"/>
    </Config>
  </FileSet>
  <Strategy Version="1" Minor="2">
    <StratHandle Name="Vivado Implementation Defaults" Flow="Vivado Implementation 2019"/>
    <Step Id="init_design"/>
    <Step Id="opt_design"/>
    <Step Id="power_opt_design"/>
    <Step Id="place_design"/>
    <Step Id="post_place_power_opt_design"/>
    <Step Id="phys_opt_design"/>
    <Step Id="route_design"/>
    <Step Id="post_route_phys_opt_design"/>
    <Step Id="write_bitstream"/>
  </Strategy>
</GenRun>
